"filename", "language", "Properties", "Java", "XML", "JavaScript", "CSS", "HTML", "Log", "comment", "blank", "total"
"e:\workspace\problem-solving-skills\build.xml", "XML", 0, 0, 5, 0, 0, 0, 0, 68, 1, 74
"e:\workspace\problem-solving-skills\nbproject\build-impl.xml", "XML", 0, 0, 1291, 0, 0, 0, 0, 129, 1, 1421
"e:\workspace\problem-solving-skills\nbproject\genfiles.properties", "Properties", 6, 0, 0, 0, 0, 0, 0, 2, 1, 9
"e:\workspace\problem-solving-skills\nbproject\project.properties", "Properties", 64, 0, 0, 0, 0, 0, 0, 10, 1, 75
"e:\workspace\problem-solving-skills\nbproject\project.xml", "XML", 0, 0, 15, 0, 0, 0, 0, 0, 1, 16
"e:\workspace\problem-solving-skills\src\LetterRange_1276.java", "Java", 0, 55, 0, 0, 0, 0, 0, 11, 9, 75
"e:\workspace\problem-solving-skills\src\amazon\geeksforgeeks\BinaryTreeMaximumWidth.java", "Java", 0, 29, 0, 0, 0, 0, 0, 0, 6, 35
"e:\workspace\problem-solving-skills\src\amazon\geeksforgeeks\VerticalSumBinaryTree.java", "Java", 0, 20, 0, 0, 0, 0, 0, 1, 5, 26
"e:\workspace\problem-solving-skills\src\amazon\interview\Question1.java", "Java", 0, 46, 0, 0, 0, 0, 0, 2, 9, 57
"e:\workspace\problem-solving-skills\src\amazon\interview\Question2.java", "Java", 0, 24, 0, 0, 0, 0, 0, 5, 4, 33
"e:\workspace\problem-solving-skills\src\amazon\interview\Question3.java", "Java", 0, 93, 0, 0, 0, 0, 0, 2, 13, 108
"e:\workspace\problem-solving-skills\src\amazon\interview\Question4.java", "Java", 0, 68, 0, 0, 0, 0, 0, 2, 13, 83
"e:\workspace\problem-solving-skills\src\amazon\interview\Question5.java", "Java", 0, 62, 0, 0, 0, 0, 0, 9, 13, 84
"e:\workspace\problem-solving-skills\src\codepit\io\cafecomleite\GoogleIsFeelingLucky.java", "Java", 0, 43, 0, 0, 0, 0, 0, 10, 8, 61
"e:\workspace\problem-solving-skills\src\codingbat\com\Array1.java", "Java", 0, 10, 0, 0, 0, 0, 0, 12, 3, 25
"e:\workspace\problem-solving-skills\src\codingbat\com\Array2.java", "Java", 0, 3, 0, 0, 0, 0, 0, 9, 3, 15
"e:\workspace\problem-solving-skills\src\codingbat\com\Array3.java", "Java", 0, 18, 0, 0, 0, 0, 0, 9, 6, 33
"e:\workspace\problem-solving-skills\src\codingbat\com\Map2.java", "Java", 0, 35, 0, 0, 0, 0, 0, 11, 10, 56
"e:\workspace\problem-solving-skills\src\codingbat\com\String3.java", "Java", 0, 55, 0, 0, 0, 0, 0, 12, 8, 75
"e:\workspace\problem-solving-skills\src\codingbat\com\StringSplosion.java", "Java", 0, 15, 0, 0, 0, 0, 0, 9, 3, 27
"e:\workspace\problem-solving-skills\src\codingbat\com\Warmups.java", "Java", 0, 186, 0, 0, 0, 0, 0, 15, 27, 228
"e:\workspace\problem-solving-skills\src\hackerrank\arrays\Array2dDs.java", "Java", 0, 33, 0, 0, 0, 0, 0, 9, 12, 54
"e:\workspace\problem-solving-skills\src\hackerrank\arrays\DynamicArray.java", "Java", 0, 60, 0, 0, 0, 0, 0, 10, 12, 82
"e:\workspace\problem-solving-skills\src\hackerrank\arrays\LeftRotation.java", "Java", 0, 44, 0, 0, 0, 0, 0, 9, 8, 61
"e:\workspace\problem-solving-skills\src\hackerrank\arrays\SparseArrays.java", "Java", 0, 53, 0, 0, 0, 0, 0, 9, 10, 72
"e:\workspace\problem-solving-skills\src\hackerrank\bitmanipulatio\CounterGame.java", "Java", 0, 30, 0, 0, 0, 0, 0, 10, 8, 48
"e:\workspace\problem-solving-skills\src\hackerrank\bitmanipulatio\FlippingBits.java", "Java", 0, 19, 0, 0, 0, 0, 0, 9, 7, 35
"e:\workspace\problem-solving-skills\src\hackerrank\bitmanipulatio\LonelyInteger.java", "Java", 0, 24, 0, 0, 0, 0, 0, 9, 9, 42
"e:\workspace\problem-solving-skills\src\hackerrank\bitmanipulatio\MaximizingXOR.java", "Java", 0, 26, 0, 0, 0, 0, 0, 9, 7, 42
"e:\workspace\problem-solving-skills\src\hackerrank\bitmanipulatio\SansaAndXOR.java", "Java", 0, 33, 0, 0, 0, 0, 0, 10, 10, 53
"e:\workspace\problem-solving-skills\src\hackerrank\bitmanipulatio\SumVsXor.java", "Java", 0, 21, 0, 0, 0, 0, 0, 9, 6, 36
"e:\workspace\problem-solving-skills\src\hackerrank\constructivealgorithms\FlippingTheMatrix.java", "Java", 0, 106, 0, 0, 0, 0, 0, 10, 19, 135
"e:\workspace\problem-solving-skills\src\hackerrank\graphtheory\BreathFirstSearchShortest.java", "Java", 0, 109, 0, 0, 0, 0, 0, 10, 17, 136
"e:\workspace\problem-solving-skills\src\hackerrank\greedy\MarcsCakewalk.java", "Java", 0, 37, 0, 0, 0, 0, 0, 9, 8, 54
"e:\workspace\problem-solving-skills\src\hackerrank\greedy\MinimumAbsoluteDifferenceInAnArray.java", "Java", 0, 74, 0, 0, 0, 0, 0, 16, 14, 104
"e:\workspace\problem-solving-skills\src\hackerrank\hack45\MiniMaxSum.java", "Java", 0, 39, 0, 0, 0, 0, 0, 9, 14, 62
"e:\workspace\problem-solving-skills\src\hackerrank\hack45\SequenceEquation.java", "Java", 0, 25, 0, 0, 0, 0, 0, 9, 7, 41
"e:\workspace\problem-solving-skills\src\hackerrank\implentation\DesignerPDFViewer.java", "Java", 0, 19, 0, 0, 0, 0, 0, 9, 6, 34
"e:\workspace\problem-solving-skills\src\hackerrank\search\HackerLandRadioTransmitters.java", "Java", 0, 51, 0, 0, 0, 0, 0, 10, 10, 71
"e:\workspace\problem-solving-skills\src\hackerrank\search\IceCreamParlor.java", "Java", 0, 56, 0, 0, 0, 0, 0, 10, 11, 77
"e:\workspace\problem-solving-skills\src\hackerrank\search\MissingNumbers.java", "Java", 0, 41, 0, 0, 0, 0, 0, 10, 12, 63
"e:\workspace\problem-solving-skills\src\hackerrank\search\SherlockAndArray.java", "Java", 0, 53, 0, 0, 0, 0, 0, 10, 9, 72
"e:\workspace\problem-solving-skills\src\hackerrank\sorting\ClosestNumbers.java", "Java", 0, 85, 0, 0, 0, 0, 0, 9, 19, 113
"e:\workspace\problem-solving-skills\src\hackerrank\sorting\CounitingSort1.java", "Java", 0, 25, 0, 0, 0, 0, 0, 10, 6, 41
"e:\workspace\problem-solving-skills\src\hackerrank\sorting\CountingSort2.java", "Java", 0, 29, 0, 0, 0, 0, 0, 10, 10, 49
"e:\workspace\problem-solving-skills\src\hackerrank\sorting\CountingSort3.java", "Java", 0, 27, 0, 0, 0, 0, 0, 10, 13, 50
"e:\workspace\problem-solving-skills\src\hackerrank\sorting\FindTheMedian.java", "Java", 0, 37, 0, 0, 0, 0, 0, 9, 12, 58
"e:\workspace\problem-solving-skills\src\hackerrank\sorting\InsertionSortPart1e2.java", "Java", 0, 38, 0, 0, 0, 0, 0, 9, 7, 54
"e:\workspace\problem-solving-skills\src\hackerrank\sorting\QuickInPlace.java", "Java", 0, 53, 0, 0, 0, 0, 0, 9, 14, 76
"e:\workspace\problem-solving-skills\src\hackerrank\sorting\QuickSort1Partition.java", "Java", 0, 31, 0, 0, 0, 0, 0, 9, 7, 47
"e:\workspace\problem-solving-skills\src\hackerrank\sorting\QuickSort2Sorting.java", "Java", 0, 46, 0, 0, 0, 0, 0, 9, 11, 66
"e:\workspace\problem-solving-skills\src\hackerrank\sorting\RunningTimeOfAlgorithms.java", "Java", 0, 32, 0, 0, 0, 0, 0, 10, 6, 48
"e:\workspace\problem-solving-skills\src\hackerrank\sorting\RunningTimeOfQuicksort.java", "Java", 0, 77, 0, 0, 0, 0, 0, 10, 18, 105
"e:\workspace\problem-solving-skills\src\hackerrank\sorting\TheFullCoutingSort.java", "Java", 0, 56, 0, 0, 0, 0, 0, 11, 13, 80
"e:\workspace\problem-solving-skills\src\hackerrank\string\AlternatingCharacters.java", "Java", 0, 31, 0, 0, 0, 0, 0, 9, 6, 46
"e:\workspace\problem-solving-skills\src\hackerrank\string\Anagram.java", "Java", 0, 38, 0, 0, 0, 0, 0, 9, 6, 53
"e:\workspace\problem-solving-skills\src\hackerrank\string\BearAndSteadyGene.java", "Java", 0, 71, 0, 0, 0, 0, 0, 9, 13, 93
"e:\workspace\problem-solving-skills\src\hackerrank\string\BeautifulBinaryString.java", "Java", 0, 19, 0, 0, 0, 0, 0, 9, 6, 34
"e:\workspace\problem-solving-skills\src\hackerrank\string\CaesarCipher.java", "Java", 0, 27, 0, 0, 0, 0, 0, 9, 5, 41
"e:\workspace\problem-solving-skills\src\hackerrank\string\CamelCase.java", "Java", 0, 15, 0, 0, 0, 0, 0, 9, 6, 30
"e:\workspace\problem-solving-skills\src\hackerrank\string\CommonChild.java", "Java", 0, 89, 0, 0, 0, 0, 0, 11, 16, 116
"e:\workspace\problem-solving-skills\src\hackerrank\string\FunnyString.java", "Java", 0, 27, 0, 0, 0, 0, 0, 9, 9, 45
"e:\workspace\problem-solving-skills\src\hackerrank\string\GameOfThronesI.java", "Java", 0, 24, 0, 0, 0, 0, 0, 9, 5, 38
"e:\workspace\problem-solving-skills\src\hackerrank\string\Gemstones.java", "Java", 0, 38, 0, 0, 0, 0, 0, 9, 9, 56
"e:\workspace\problem-solving-skills\src\hackerrank\string\HackerRankIsAString.java", "Java", 0, 29, 0, 0, 0, 0, 0, 9, 6, 44
"e:\workspace\problem-solving-skills\src\hackerrank\string\MakingAnagrams.java", "Java", 0, 22, 0, 0, 0, 0, 0, 9, 6, 37
"e:\workspace\problem-solving-skills\src\hackerrank\string\MarsExploration.java", "Java", 0, 21, 0, 0, 0, 0, 0, 9, 6, 36
"e:\workspace\problem-solving-skills\src\hackerrank\string\PalindromeIndex.java", "Java", 0, 48, 0, 0, 0, 0, 0, 9, 7, 64
"e:\workspace\problem-solving-skills\src\hackerrank\string\Pangrams.java", "Java", 0, 31, 0, 0, 0, 0, 0, 9, 13, 53
"e:\workspace\problem-solving-skills\src\hackerrank\string\RichieRich.java", "Java", 0, 70, 0, 0, 0, 0, 0, 9, 16, 95
"e:\workspace\problem-solving-skills\src\hackerrank\string\SepareteTheNumber.java", "Java", 0, 61, 0, 0, 0, 0, 0, 9, 12, 82
"e:\workspace\problem-solving-skills\src\hackerrank\string\SherlockAndAnagrams.java", "Java", 0, 76, 0, 0, 0, 0, 0, 9, 17, 102
"e:\workspace\problem-solving-skills\src\hackerrank\string\SherlockAndValidString.java", "Java", 0, 37, 0, 0, 0, 0, 0, 9, 7, 53
"e:\workspace\problem-solving-skills\src\hackerrank\string\StringConstruction.java", "Java", 0, 36, 0, 0, 0, 0, 0, 9, 9, 54
"e:\workspace\problem-solving-skills\src\hackerrank\string\SuperReducedString.java", "Java", 0, 38, 0, 0, 0, 0, 0, 13, 12, 63
"e:\workspace\problem-solving-skills\src\hackerrank\string\TheLoveLetterMystery.java", "Java", 0, 34, 0, 0, 0, 0, 0, 9, 8, 51
"e:\workspace\problem-solving-skills\src\hackerrank\string\TwoCharacters.java", "Java", 0, 79, 0, 0, 0, 0, 0, 9, 11, 99
"e:\workspace\problem-solving-skills\src\hackerrank\string\TwoStrings.java", "Java", 0, 30, 0, 0, 0, 0, 0, 12, 6, 48
"e:\workspace\problem-solving-skills\src\hackerrank\string\WeightedUniformStrings.java", "Java", 0, 61, 0, 0, 0, 0, 0, 11, 11, 83
"e:\workspace\problem-solving-skills\src\hackerrank\worldcodespring9\GradingStudents.java", "Java", 0, 26, 0, 0, 0, 0, 0, 9, 8, 43
"e:\workspace\problem-solving-skills\src\hackerrank\worldcodespring9\WeightedUniformStrings.java", "Java", 0, 62, 0, 0, 0, 0, 0, 11, 11, 84
"e:\workspace\problem-solving-skills\src\hankerrank\VanHackEventPage\debug.log", "Log", 0, 0, 0, 0, 0, 0, 51, 0, 1, 52
"e:\workspace\problem-solving-skills\src\hankerrank\VanHackEventPage\index.html", "HTML", 0, 0, 0, 0, 0, 114, 0, 0, 3, 117
"e:\workspace\problem-solving-skills\src\hankerrank\VanHackEventPage\main.js", "JavaScript", 0, 0, 0, 0, 0, 0, 0, 0, 1, 1
"e:\workspace\problem-solving-skills\src\hankerrank\VanHackEventPage\style.css", "CSS", 0, 0, 0, 0, 233, 0, 0, 0, 38, 271
"e:\workspace\problem-solving-skills\src\hankerrank\dynamicprograming\FibonacciModified.java", "Java", 0, 25, 0, 0, 0, 0, 0, 9, 5, 39
"e:\workspace\problem-solving-skills\src\leetcode\com\algorithms\AddBinary.java", "Java", 0, 86, 0, 0, 0, 0, 0, 16, 7, 109
"e:\workspace\problem-solving-skills\src\leetcode\com\algorithms\AddDigits.java", "Java", 0, 18, 0, 0, 0, 0, 0, 13, 4, 35
"e:\workspace\problem-solving-skills\src\leetcode\com\algorithms\AddStrings.java", "Java", 0, 54, 0, 0, 0, 0, 0, 11, 17, 82
"e:\workspace\problem-solving-skills\src\leetcode\com\algorithms\AddTwoNumbers.java", "Java", 0, 90, 0, 0, 0, 0, 0, 9, 17, 116
"e:\workspace\problem-solving-skills\src\leetcode\com\algorithms\AllPathsFromSourceToTarget.java", "Java", 0, 68, 0, 0, 0, 0, 0, 0, 9, 77
"e:\workspace\problem-solving-skills\src\leetcode\com\algorithms\ArithmeticSlices.java", "Java", 0, 15, 0, 0, 0, 0, 0, 9, 3, 27
"e:\workspace\problem-solving-skills\src\leetcode\com\algorithms\ArrayNesting.java", "Java", 0, 20, 0, 0, 0, 0, 0, 9, 6, 35
"e:\workspace\problem-solving-skills\src\leetcode\com\algorithms\ArrayPartitionI.java", "Java", 0, 18, 0, 0, 0, 0, 0, 9, 4, 31
"e:\workspace\problem-solving-skills\src\leetcode\com\algorithms\AverageOfLevelsInBinaryTree.java", "Java", 0, 40, 0, 0, 0, 0, 0, 9, 11, 60
"e:\workspace\problem-solving-skills\src\leetcode\com\algorithms\BackspaceStringCompare.java", "Java", 0, 43, 0, 0, 0, 0, 0, 12, 7, 62
"e:\workspace\problem-solving-skills\src\leetcode\com\algorithms\BalancedBinaryTree.java", "Java", 0, 65, 0, 0, 0, 0, 0, 22, 15, 102
"e:\workspace\problem-solving-skills\src\leetcode\com\algorithms\BeautifulArrangement.java", "Java", 0, 30, 0, 0, 0, 0, 0, 9, 6, 45
"e:\workspace\problem-solving-skills\src\leetcode\com\algorithms\BesTimeToBuyAndSellStockWithTransactionFee.java", "Java", 0, 18, 0, 0, 0, 0, 0, 10, 6, 34
"e:\workspace\problem-solving-skills\src\leetcode\com\algorithms\BestTimeToBuyAndSellStock.java", "Java", 0, 44, 0, 0, 0, 0, 0, 12, 9, 65
"e:\workspace\problem-solving-skills\src\leetcode\com\algorithms\BestTimeToBuyAndSellStockII.java", "Java", 0, 42, 0, 0, 0, 0, 0, 16, 5, 63
"e:\workspace\problem-solving-skills\src\leetcode\com\algorithms\BestTimeToBuyAndSellStockIII.java", "Java", 0, 14, 0, 0, 0, 0, 0, 9, 7, 30
"e:\workspace\problem-solving-skills\src\leetcode\com\algorithms\BestTimeToBuyAndSellStockIV.java", "Java", 0, 41, 0, 0, 0, 0, 0, 10, 10, 61
"e:\workspace\problem-solving-skills\src\leetcode\com\algorithms\BestTimeToBuyAndSellStockWithCooldown.java", "Java", 0, 30, 0, 0, 0, 0, 0, 11, 8, 49
"e:\workspace\problem-solving-skills\src\leetcode\com\algorithms\BinaryNumberWithAlternatingBits.java", "Java", 0, 19, 0, 0, 0, 0, 0, 19, 7, 45
"e:\workspace\problem-solving-skills\src\leetcode\com\algorithms\BinarySearch.java", "Java", 0, 13, 0, 0, 0, 0, 0, 9, 4, 26
"e:\workspace\problem-solving-skills\src\leetcode\com\algorithms\BinaryTreeInorderTraversal.java", "Java", 0, 26, 0, 0, 0, 0, 0, 9, 3, 38
"e:\workspace\problem-solving-skills\src\leetcode\com\algorithms\BinaryTreePaths.java", "Java", 0, 55, 0, 0, 0, 0, 0, 17, 23, 95
"e:\workspace\problem-solving-skills\src\leetcode\com\algorithms\BinaryTreePruning.java", "Java", 0, 12, 0, 0, 0, 0, 0, 0, 1, 13
"e:\workspace\problem-solving-skills\src\leetcode\com\algorithms\BinaryTreeRightSideView.java", "Java", 0, 25, 0, 0, 0, 0, 0, 0, 3, 28
"e:\workspace\problem-solving-skills\src\leetcode\com\algorithms\BinaryTreeTilt.java", "Java", 0, 15, 0, 0, 0, 0, 0, 9, 5, 29
"e:\workspace\problem-solving-skills\src\leetcode\com\algorithms\BinaryWatch.java", "Java", 0, 88, 0, 0, 0, 0, 0, 9, 22, 119
"e:\workspace\problem-solving-skills\src\leetcode\com\algorithms\CanPlaceFlowers.java", "Java", 0, 22, 0, 0, 0, 0, 0, 9, 5, 36
"e:\workspace\problem-solving-skills\src\leetcode\com\algorithms\ClimbingStairs.java", "Java", 0, 52, 0, 0, 0, 0, 0, 12, 10, 74
"e:\workspace\problem-solving-skills\src\leetcode\com\algorithms\CombinationSum.java", "Java", 0, 41, 0, 0, 0, 0, 0, 9, 8, 58
"e:\workspace\problem-solving-skills\src\leetcode\com\algorithms\CombinationSumII.java", "Java", 0, 47, 0, 0, 0, 0, 0, 9, 9, 65
"e:\workspace\problem-solving-skills\src\leetcode\com\algorithms\CombinationSumIII.java", "Java", 0, 35, 0, 0, 0, 0, 0, 9, 8, 52
"e:\workspace\problem-solving-skills\src\leetcode\com\algorithms\CombinationSumIV.java", "Java", 0, 50, 0, 0, 0, 0, 0, 12, 7, 69
"e:\workspace\problem-solving-skills\src\leetcode\com\algorithms\Combinations.java", "Java", 0, 35, 0, 0, 0, 0, 0, 9, 9, 53
"e:\workspace\problem-solving-skills\src\leetcode\com\algorithms\ComplementOfBase10Integer.java", "Java", 0, 19, 0, 0, 0, 0, 0, 0, 2, 21
"e:\workspace\problem-solving-skills\src\leetcode\com\algorithms\ComplexNumberMultipication.java", "Java", 0, 20, 0, 0, 0, 0, 0, 9, 7, 36
"e:\workspace\problem-solving-skills\src\leetcode\com\algorithms\ConstructBinarySearchTreefromPreorderTraversal.java", "Java", 0, 38, 0, 0, 0, 0, 0, 9, 4, 51
"e:\workspace\problem-solving-skills\src\leetcode\com\algorithms\ConstructStringFromBinaryTree.java", "Java", 0, 35, 0, 0, 0, 0, 0, 9, 9, 53
"e:\workspace\problem-solving-skills\src\leetcode\com\algorithms\ContainerWithMostWater.java", "Java", 0, 15, 0, 0, 0, 0, 0, 10, 5, 30
"e:\workspace\problem-solving-skills\src\leetcode\com\algorithms\ContainsDuplicate.java", "Java", 0, 30, 0, 0, 0, 0, 0, 11, 8, 49
"e:\workspace\problem-solving-skills\src\leetcode\com\algorithms\ContainsDuplicateII.java", "Java", 0, 15, 0, 0, 0, 0, 0, 9, 3, 27
"e:\workspace\problem-solving-skills\src\leetcode\com\algorithms\ConvertANumberToHexadecimal.java", "Java", 0, 30, 0, 0, 0, 0, 0, 9, 7, 46
"e:\workspace\problem-solving-skills\src\leetcode\com\algorithms\ConvertBSTToGreaterTree.java", "Java", 0, 49, 0, 0, 0, 0, 0, 29, 11, 89
"e:\workspace\problem-solving-skills\src\leetcode\com\algorithms\ConvertSortedArrayToBinarySearchTree.java", "Java", 0, 25, 0, 0, 0, 0, 0, 10, 8, 43
"e:\workspace\problem-solving-skills\src\leetcode\com\algorithms\CountNegativeNumbersinaSortedMatrix.java", "Java", 0, 40, 0, 0, 0, 0, 0, 10, 8, 58
"e:\workspace\problem-solving-skills\src\leetcode\com\algorithms\CountingBits.java", "Java", 0, 60, 0, 0, 0, 0, 0, 12, 10, 82
"e:\workspace\problem-solving-skills\src\leetcode\com\algorithms\CousinsInBinaryTree.java", "Java", 0, 36, 0, 0, 0, 0, 0, 0, 7, 43
"e:\workspace\problem-solving-skills\src\leetcode\com\algorithms\CustomSortString.java", "Java", 0, 28, 0, 0, 0, 0, 0, 9, 8, 45
"e:\workspace\problem-solving-skills\src\leetcode\com\algorithms\DIStringMatch.java", "Java", 0, 55, 0, 0, 0, 0, 0, 10, 10, 75
"e:\workspace\problem-solving-skills\src\leetcode\com\algorithms\DailyTemperature.java", "Java", 0, 16, 0, 0, 0, 0, 0, 10, 4, 30
"e:\workspace\problem-solving-skills\src\leetcode\com\algorithms\DeepestLeavesSum.java", "Java", 0, 23, 0, 0, 0, 0, 0, 0, 5, 28
"e:\workspace\problem-solving-skills\src\leetcode\com\algorithms\DefanginganIPAddress.java", "Java", 0, 15, 0, 0, 0, 0, 0, 0, 1, 16
"e:\workspace\problem-solving-skills\src\leetcode\com\algorithms\DegreeOfAnArray.java", "Java", 0, 36, 0, 0, 0, 0, 0, 10, 7, 53
"e:\workspace\problem-solving-skills\src\leetcode\com\algorithms\DeleteAndEarn.java", "Java", 0, 53, 0, 0, 0, 0, 0, 11, 8, 72
"e:\workspace\problem-solving-skills\src\leetcode\com\algorithms\DeleteColumnsToMakeSorted.java", "Java", 0, 15, 0, 0, 0, 0, 0, 0, 1, 16
"e:\workspace\problem-solving-skills\src\leetcode\com\algorithms\DeleteNodeInALinkedList.java", "Java", 0, 7, 0, 0, 0, 0, 0, 9, 2, 18
"e:\workspace\problem-solving-skills\src\leetcode\com\algorithms\DetectCapital.java", "Java", 0, 19, 0, 0, 0, 0, 0, 9, 5, 33
"e:\workspace\problem-solving-skills\src\leetcode\com\algorithms\DiameterOfBinaryTree.java", "Java", 0, 53, 0, 0, 0, 0, 0, 11, 13, 77
"e:\workspace\problem-solving-skills\src\leetcode\com\algorithms\DistributeCandies.java", "Java", 0, 20, 0, 0, 0, 0, 0, 12, 5, 37
"e:\workspace\problem-solving-skills\src\leetcode\com\algorithms\DistributeCoinsinBinaryTree.java", "Java", 0, 15, 0, 0, 0, 0, 0, 0, 5, 20
"e:\workspace\problem-solving-skills\src\leetcode\com\algorithms\FibonacciNumber.java", "Java", 0, 15, 0, 0, 0, 0, 0, 9, 3, 27
"e:\workspace\problem-solving-skills\src\leetcode\com\algorithms\FindAllAnagramsInAString.java", "Java", 0, 34, 0, 0, 0, 0, 0, 9, 7, 50
"e:\workspace\problem-solving-skills\src\leetcode\com\algorithms\FindAllDuplicatesInAnArray.java", "Java", 0, 20, 0, 0, 0, 0, 0, 11, 8, 39
"e:\workspace\problem-solving-skills\src\leetcode\com\algorithms\FindAllNumbersDisappearedInArray.java", "Java", 0, 24, 0, 0, 0, 0, 0, 18, 7, 49
"e:\workspace\problem-solving-skills\src\leetcode\com\algorithms\FindAndReplacePattern.java", "Java", 0, 59, 0, 0, 0, 0, 0, 9, 12, 80
"e:\workspace\problem-solving-skills\src\leetcode\com\algorithms\FindBottomLeftValue.java", "Java", 0, 20, 0, 0, 0, 0, 0, 9, 5, 34
"e:\workspace\problem-solving-skills\src\leetcode\com\algorithms\FindCommonCharacters.java", "Java", 0, 32, 0, 0, 0, 0, 0, 9, 5, 46
"e:\workspace\problem-solving-skills\src\leetcode\com\algorithms\FindLargetValueInEachTreeRow.java", "Java", 0, 46, 0, 0, 0, 0, 0, 18, 7, 71
"e:\workspace\problem-solving-skills\src\leetcode\com\algorithms\FindMinimumInRotatedSortedArray.java", "Java", 0, 12, 0, 0, 0, 0, 0, 9, 2, 23
"e:\workspace\problem-solving-skills\src\leetcode\com\algorithms\FindPivotIndex.java", "Java", 0, 27, 0, 0, 0, 0, 0, 10, 6, 43
"e:\workspace\problem-solving-skills\src\leetcode\com\algorithms\FindSmallestLetterGreaterThanTarget.java", "Java", 0, 23, 0, 0, 0, 0, 0, 22, 7, 52
"e:\workspace\problem-solving-skills\src\leetcode\com\algorithms\FindTheDifference.java", "Java", 0, 16, 0, 0, 0, 0, 0, 9, 3, 28
"e:\workspace\problem-solving-skills\src\leetcode\com\algorithms\FindTheDuplicateNumber.java", "Java", 0, 22, 0, 0, 0, 0, 0, 10, 7, 39
"e:\workspace\problem-solving-skills\src\leetcode\com\algorithms\FirstUniqueCharacterInAString.java", "Java", 0, 11, 0, 0, 0, 0, 0, 9, 2, 22
"e:\workspace\problem-solving-skills\src\leetcode\com\algorithms\FizzBuzz.java", "Java", 0, 19, 0, 0, 0, 0, 0, 9, 5, 33
"e:\workspace\problem-solving-skills\src\leetcode\com\algorithms\FlippingAnImage.java", "Java", 0, 20, 0, 0, 0, 0, 0, 9, 7, 36
"e:\workspace\problem-solving-skills\src\leetcode\com\algorithms\FourSum.java", "Java", 0, 79, 0, 0, 0, 0, 0, 9, 11, 99
"e:\workspace\problem-solving-skills\src\leetcode\com\algorithms\GenerateParentheses.java", "Java", 0, 52, 0, 0, 0, 0, 0, 10, 14, 76
"e:\workspace\problem-solving-skills\src\leetcode\com\algorithms\GroupAnagrams.java", "Java", 0, 83, 0, 0, 0, 0, 0, 9, 16, 108
"e:\workspace\problem-solving-skills\src\leetcode\com\algorithms\HouseRobber.java", "Java", 0, 36, 0, 0, 0, 0, 0, 16, 10, 62
"e:\workspace\problem-solving-skills\src\leetcode\com\algorithms\HouseRobberII.java", "Java", 0, 25, 0, 0, 0, 0, 0, 9, 10, 44
"e:\workspace\problem-solving-skills\src\leetcode\com\algorithms\ImageSmoother.java", "Java", 0, 37, 0, 0, 0, 0, 0, 14, 13, 64
"e:\workspace\problem-solving-skills\src\leetcode\com\algorithms\ImplementStrStr.java", "Java", 0, 14, 0, 0, 0, 0, 0, 9, 2, 25
"e:\workspace\problem-solving-skills\src\leetcode\com\algorithms\IncreasingOrderSearchTree.java", "Java", 0, 36, 0, 0, 0, 0, 0, 10, 8, 54
"e:\workspace\problem-solving-skills\src\leetcode\com\algorithms\InsertIntoABinarySearchTree.java", "Java", 0, 17, 0, 0, 0, 0, 0, 9, 3, 29
"e:\workspace\problem-solving-skills\src\leetcode\com\algorithms\IntegerBreak.java", "Java", 0, 18, 0, 0, 0, 0, 0, 9, 3, 30
"e:\workspace\problem-solving-skills\src\leetcode\com\algorithms\IntersectionOfTwoArrays.java", "Java", 0, 59, 0, 0, 0, 0, 0, 16, 12, 87
"e:\workspace\problem-solving-skills\src\leetcode\com\algorithms\IntersectionOfTwoArraysII.java", "Java", 0, 29, 0, 0, 0, 0, 0, 9, 5, 43
"e:\workspace\problem-solving-skills\src\leetcode\com\algorithms\InvertBinaryTree.java", "Java", 0, 31, 0, 0, 0, 0, 0, 9, 10, 50
"e:\workspace\problem-solving-skills\src\leetcode\com\algorithms\IsAnagram.java", "Java", 0, 10, 0, 0, 0, 0, 0, 15, 5, 30
"e:\workspace\problem-solving-skills\src\leetcode\com\algorithms\IsHappy.java", "Java", 0, 56, 0, 0, 0, 0, 0, 13, 14, 83
"e:\workspace\problem-solving-skills\src\leetcode\com\algorithms\IslandPerimeter.java", "Java", 0, 37, 0, 0, 0, 0, 0, 15, 6, 58
"e:\workspace\problem-solving-skills\src\leetcode\com\algorithms\IsomorphicStrings.java", "Java", 0, 46, 0, 0, 0, 0, 0, 14, 11, 71
"e:\workspace\problem-solving-skills\src\leetcode\com\algorithms\JewelsAndStones.java", "Java", 0, 61, 0, 0, 0, 0, 0, 12, 12, 85
"e:\workspace\problem-solving-skills\src\leetcode\com\algorithms\JudgeRouteCircle.java", "Java", 0, 14, 0, 0, 0, 0, 0, 9, 3, 26
"e:\workspace\problem-solving-skills\src\leetcode\com\algorithms\JumpGame.java", "Java", 0, 16, 0, 0, 0, 0, 0, 9, 4, 29
"e:\workspace\problem-solving-skills\src\leetcode\com\algorithms\JumpGameII.java", "Java", 0, 46, 0, 0, 0, 0, 0, 17, 7, 70
"e:\workspace\problem-solving-skills\src\leetcode\com\algorithms\JumpGameIII.java", "Java", 0, 16, 0, 0, 0, 0, 0, 0, 4, 20
"e:\workspace\problem-solving-skills\src\leetcode\com\algorithms\KClosestPointsToOrigin.java", "Java", 0, 27, 0, 0, 0, 0, 0, 9, 2, 38
"e:\workspace\problem-solving-skills\src\leetcode\com\algorithms\KeyboardRow.java", "Java", 0, 37, 0, 0, 0, 0, 0, 9, 4, 50
"e:\workspace\problem-solving-skills\src\leetcode\com\algorithms\KthLargestElementInAStream.java", "Java", 0, 148, 0, 0, 0, 0, 0, 14, 22, 184
"e:\workspace\problem-solving-skills\src\leetcode\com\algorithms\KthLargestElementInAnArray.java", "Java", 0, 8, 0, 0, 0, 0, 0, 9, 3, 20
"e:\workspace\problem-solving-skills\src\leetcode\com\algorithms\LargestNumberAtLeastTwiceOfOthers.java", "Java", 0, 47, 0, 0, 0, 0, 0, 10, 8, 65
"e:\workspace\problem-solving-skills\src\leetcode\com\algorithms\LengthOfLastWord.java", "Java", 0, 16, 0, 0, 0, 0, 0, 9, 3, 28
"e:\workspace\problem-solving-skills\src\leetcode\com\algorithms\LengthOfLongestSubstring.java", "Java", 0, 63, 0, 0, 0, 0, 0, 10, 13, 86
"e:\workspace\problem-solving-skills\src\leetcode\com\algorithms\LetterCasePermutation.java", "Java", 0, 32, 0, 0, 0, 0, 0, 0, 12, 44
"e:\workspace\problem-solving-skills\src\leetcode\com\algorithms\LetterCombinations.java", "Java", 0, 54, 0, 0, 0, 0, 0, 18, 10, 82
"e:\workspace\problem-solving-skills\src\leetcode\com\algorithms\LinkedListCycle.java", "Java", 0, 22, 0, 0, 0, 0, 0, 9, 6, 37
"e:\workspace\problem-solving-skills\src\leetcode\com\algorithms\ListNode.java", "Java", 0, 15, 0, 0, 0, 0, 0, 9, 5, 29
"e:\workspace\problem-solving-skills\src\leetcode\com\algorithms\LongestCommunPrefix.java", "Java", 0, 24, 0, 0, 0, 0, 0, 11, 8, 43
"e:\workspace\problem-solving-skills\src\leetcode\com\algorithms\LongestContinuousIncreasingSubsequence.java", "Java", 0, 23, 0, 0, 0, 0, 0, 9, 3, 35
"e:\workspace\problem-solving-skills\src\leetcode\com\algorithms\LongestIncreasingSubsequence.java", "Java", 0, 91, 0, 0, 0, 0, 0, 14, 16, 121
"e:\workspace\problem-solving-skills\src\leetcode\com\algorithms\LongestPalindrome.java", "Java", 0, 36, 0, 0, 0, 0, 0, 9, 10, 55
"e:\workspace\problem-solving-skills\src\leetcode\com\algorithms\LongestPalindromicSubsequence.java", "Java", 0, 38, 0, 0, 0, 0, 0, 11, 9, 58
"e:\workspace\problem-solving-skills\src\leetcode\com\algorithms\LongestPalindromicSubstring.java", "Java", 0, 124, 0, 0, 0, 0, 0, 48, 24, 196
"e:\workspace\problem-solving-skills\src\leetcode\com\algorithms\LongestUncommonSubsequenceI.java", "Java", 0, 9, 0, 0, 0, 0, 0, 9, 2, 20
"e:\workspace\problem-solving-skills\src\leetcode\com\algorithms\LongestWordInDictionary.java", "Java", 0, 68, 0, 0, 0, 0, 0, 11, 11, 90
"e:\workspace\problem-solving-skills\src\leetcode\com\algorithms\MajorityElement.java", "Java", 0, 56, 0, 0, 0, 0, 0, 14, 9, 79
"e:\workspace\problem-solving-skills\src\leetcode\com\algorithms\MaxAreaOfIsland.java", "Java", 0, 33, 0, 0, 0, 0, 0, 9, 7, 49
"e:\workspace\problem-solving-skills\src\leetcode\com\algorithms\MaxConsecutiveOnes.java", "Java", 0, 35, 0, 0, 0, 0, 0, 12, 5, 52
"e:\workspace\problem-solving-skills\src\leetcode\com\algorithms\MaxIncreaseToKeepCitySkyline.java", "Java", 0, 21, 0, 0, 0, 0, 0, 9, 4, 34
"e:\workspace\problem-solving-skills\src\leetcode\com\algorithms\MaximizeDistanceToClosestPerson.java", "Java", 0, 21, 0, 0, 0, 0, 0, 9, 4, 34
"e:\workspace\problem-solving-skills\src\leetcode\com\algorithms\MaximumAverageSubarrayI.java", "Java", 0, 19, 0, 0, 0, 0, 0, 9, 6, 34
"e:\workspace\problem-solving-skills\src\leetcode\com\algorithms\MaximumDepthOfBinaryTree.java", "Java", 0, 17, 0, 0, 0, 0, 0, 9, 2, 28
"e:\workspace\problem-solving-skills\src\leetcode\com\algorithms\MaximumDepthOfNaryTree.java", "Java", 0, 15, 0, 0, 0, 0, 0, 9, 3, 27
"e:\workspace\problem-solving-skills\src\leetcode\com\algorithms\MaximumLengthOfPairChain.java", "Java", 0, 38, 0, 0, 0, 0, 0, 13, 7, 58
"e:\workspace\problem-solving-skills\src\leetcode\com\algorithms\MaximumLengthOfrepeatedSubarray.java", "Java", 0, 23, 0, 0, 0, 0, 0, 10, 6, 39
"e:\workspace\problem-solving-skills\src\leetcode\com\algorithms\MaximumLevelSumofaBinaryTree.java", "Java", 0, 0, 0, 0, 0, 0, 0, 0, 1, 1
"e:\workspace\problem-solving-skills\src\leetcode\com\algorithms\MaximumProductOfThreeNumbers.java", "Java", 0, 11, 0, 0, 0, 0, 0, 9, 5, 25
"e:\workspace\problem-solving-skills\src\leetcode\com\algorithms\MaximumSubarray.java", "Java", 0, 16, 0, 0, 0, 0, 0, 10, 3, 29
"e:\workspace\problem-solving-skills\src\leetcode\com\algorithms\MergeSortedArray.java", "Java", 0, 39, 0, 0, 0, 0, 0, 9, 9, 57
"e:\workspace\problem-solving-skills\src\leetcode\com\algorithms\MergeTwoBinaryTrees.java", "Java", 0, 11, 0, 0, 0, 0, 0, 9, 2, 22
"e:\workspace\problem-solving-skills\src\leetcode\com\algorithms\MergeTwoSortedLists.java", "Java", 0, 56, 0, 0, 0, 0, 0, 10, 10, 76
"e:\workspace\problem-solving-skills\src\leetcode\com\algorithms\MiddleOfTheLinkedList.java", "Java", 0, 11, 0, 0, 0, 0, 0, 9, 2, 22
"e:\workspace\problem-solving-skills\src\leetcode\com\algorithms\MinCostClimbingStairs.java", "Java", 0, 33, 0, 0, 0, 0, 0, 11, 6, 50
"e:\workspace\problem-solving-skills\src\leetcode\com\algorithms\MinStack.java", "Java", 0, 39, 0, 0, 0, 0, 0, 15, 12, 66
"e:\workspace\problem-solving-skills\src\leetcode\com\algorithms\MinimumASCIIDeleteSumForTwoStrings.java", "Java", 0, 20, 0, 0, 0, 0, 0, 10, 5, 35
"e:\workspace\problem-solving-skills\src\leetcode\com\algorithms\MinimumAbsoluteDifferenceInBST.java", "Java", 0, 39, 0, 0, 0, 0, 0, 11, 12, 62
"e:\workspace\problem-solving-skills\src\leetcode\com\algorithms\MinimumAddtoMakeParenthesesValid.java", "Java", 0, 12, 0, 0, 0, 0, 0, 9, 2, 23
"e:\workspace\problem-solving-skills\src\leetcode\com\algorithms\MinimumDepthOfBinaryTree.java", "Java", 0, 58, 0, 0, 0, 0, 0, 15, 15, 88
"e:\workspace\problem-solving-skills\src\leetcode\com\algorithms\MinimumDistanceBetweenBSTNodes.java", "Java", 0, 22, 0, 0, 0, 0, 0, 11, 7, 40
"e:\workspace\problem-solving-skills\src\leetcode\com\algorithms\MinimumFallingPathSum.java", "Java", 0, 27, 0, 0, 0, 0, 0, 0, 2, 29
"e:\workspace\problem-solving-skills\src\leetcode\com\algorithms\MinimumIndexSumOfTwoLists.java", "Java", 0, 28, 0, 0, 0, 0, 0, 9, 5, 42
"e:\workspace\problem-solving-skills\src\leetcode\com\algorithms\MinimumMovesToEqualArrayElements.java", "Java", 0, 19, 0, 0, 0, 0, 0, 9, 3, 31
"e:\workspace\problem-solving-skills\src\leetcode\com\algorithms\MinimumNumberofStepstoMakeTwoStringsAnagram.java", "Java", 0, 17, 0, 0, 0, 0, 0, 0, 1, 18
"e:\workspace\problem-solving-skills\src\leetcode\com\algorithms\MinimumPathSum.java", "Java", 0, 29, 0, 0, 0, 0, 0, 9, 5, 43
"e:\workspace\problem-solving-skills\src\leetcode\com\algorithms\MissingNumber.java", "Java", 0, 25, 0, 0, 0, 0, 0, 9, 5, 39
"e:\workspace\problem-solving-skills\src\leetcode\com\algorithms\MonotonicArray.java", "Java", 0, 15, 0, 0, 0, 0, 0, 0, 1, 16
"e:\workspace\problem-solving-skills\src\leetcode\com\algorithms\MostCommonWord.java", "Java", 0, 45, 0, 0, 0, 0, 0, 10, 10, 65
"e:\workspace\problem-solving-skills\src\leetcode\com\algorithms\MostFrequentSubtreeSum.java", "Java", 0, 50, 0, 0, 0, 0, 0, 0, 14, 64
"e:\workspace\problem-solving-skills\src\leetcode\com\algorithms\MoveZeroes.java", "Java", 0, 14, 0, 0, 0, 0, 0, 9, 4, 27
"e:\workspace\problem-solving-skills\src\leetcode\com\algorithms\MutiplyString.java", "Java", 0, 75, 0, 0, 0, 0, 0, 25, 14, 114
"e:\workspace\problem-solving-skills\src\leetcode\com\algorithms\MySqrt.java", "Java", 0, 31, 0, 0, 0, 0, 0, 13, 7, 51
"e:\workspace\problem-solving-skills\src\leetcode\com\algorithms\NRepeatedElementInSize2NArray.java", "Java", 0, 15, 0, 0, 0, 0, 0, 9, 5, 29
"e:\workspace\problem-solving-skills\src\leetcode\com\algorithms\NarayTreeLevelOrderTraversal.java", "Java", 0, 30, 0, 0, 0, 0, 0, 9, 10, 49
"e:\workspace\problem-solving-skills\src\leetcode\com\algorithms\NaryTreePostorderTraversal.java", "Java", 0, 39, 0, 0, 0, 0, 0, 11, 10, 60
"e:\workspace\problem-solving-skills\src\leetcode\com\algorithms\NaryTreePreorderTraversal.java", "Java", 0, 23, 0, 0, 0, 0, 0, 12, 5, 40
"e:\workspace\problem-solving-skills\src\leetcode\com\algorithms\NextGreaterElementI.java", "Java", 0, 38, 0, 0, 0, 0, 0, 10, 8, 56
"e:\workspace\problem-solving-skills\src\leetcode\com\algorithms\NextGreaterNodeInLinkedList.java", "Java", 0, 45, 0, 0, 0, 0, 0, 0, 6, 51
"e:\workspace\problem-solving-skills\src\leetcode\com\algorithms\NextPermutation.java", "Java", 0, 47, 0, 0, 0, 0, 0, 9, 10, 66
"e:\workspace\problem-solving-skills\src\leetcode\com\algorithms\NumberComplement.java", "Java", 0, 17, 0, 0, 0, 0, 0, 9, 4, 30
"e:\workspace\problem-solving-skills\src\leetcode\com\algorithms\NumberOf1Bits.java", "Java", 0, 18, 0, 0, 0, 0, 0, 9, 4, 31
"e:\workspace\problem-solving-skills\src\leetcode\com\algorithms\NumberOfIslands.java", "Java", 0, 31, 0, 0, 0, 0, 0, 9, 5, 45
"e:\workspace\problem-solving-skills\src\leetcode\com\algorithms\NumberOfLongestIncreasingSubsequence.java", "Java", 0, 46, 0, 0, 0, 0, 0, 14, 11, 71
"e:\workspace\problem-solving-skills\src\leetcode\com\algorithms\NumberOfSegmentsInAString.java", "Java", 0, 24, 0, 0, 0, 0, 0, 11, 4, 39
"e:\workspace\problem-solving-skills\src\leetcode\com\algorithms\NumberofLinesToWriteString.java", "Java", 0, 18, 0, 0, 0, 0, 0, 0, 6, 24
"e:\workspace\problem-solving-skills\src\leetcode\com\algorithms\OnesAndZeroes.java", "Java", 0, 41, 0, 0, 0, 0, 0, 22, 10, 73
"e:\workspace\problem-solving-skills\src\leetcode\com\algorithms\PalindromeNumber.java", "Java", 0, 32, 0, 0, 0, 0, 0, 9, 6, 47
"e:\workspace\problem-solving-skills\src\leetcode\com\algorithms\PalindromicSubstrings.java", "Java", 0, 28, 0, 0, 0, 0, 0, 9, 9, 46
"e:\workspace\problem-solving-skills\src\leetcode\com\algorithms\PartitionEqualSubsetSum.java", "Java", 0, 33, 0, 0, 0, 0, 0, 9, 4, 46
"e:\workspace\problem-solving-skills\src\leetcode\com\algorithms\PartitionLabels.java", "Java", 0, 68, 0, 0, 0, 0, 0, 14, 14, 96
"e:\workspace\problem-solving-skills\src\leetcode\com\algorithms\PascalsTriangle.java", "Java", 0, 49, 0, 0, 0, 0, 0, 9, 10, 68
"e:\workspace\problem-solving-skills\src\leetcode\com\algorithms\PascalsTriangle2.java", "Java", 0, 68, 0, 0, 0, 0, 0, 13, 15, 96
"e:\workspace\problem-solving-skills\src\leetcode\com\algorithms\PathSum.java", "Java", 0, 20, 0, 0, 0, 0, 0, 9, 6, 35
"e:\workspace\problem-solving-skills\src\leetcode\com\algorithms\PathSumIII.java", "Java", 0, 66, 0, 0, 0, 0, 0, 12, 23, 101
"e:\workspace\problem-solving-skills\src\leetcode\com\algorithms\PeakIndexInMoutainArray.java", "Java", 0, 13, 0, 0, 0, 0, 0, 14, 2, 29
"e:\workspace\problem-solving-skills\src\leetcode\com\algorithms\PerfectSquare.java", "Java", 0, 22, 0, 0, 0, 0, 0, 9, 7, 38
"e:\workspace\problem-solving-skills\src\leetcode\com\algorithms\PermutationSequence.java", "Java", 0, 39, 0, 0, 0, 0, 0, 9, 9, 57
"e:\workspace\problem-solving-skills\src\leetcode\com\algorithms\Permutations.java", "Java", 0, 49, 0, 0, 0, 0, 0, 9, 7, 65
"e:\workspace\problem-solving-skills\src\leetcode\com\algorithms\PermutationsII.java", "Java", 0, 47, 0, 0, 0, 0, 0, 15, 8, 70
"e:\workspace\problem-solving-skills\src\leetcode\com\algorithms\PositionsOfLargeGroups.java", "Java", 0, 32, 0, 0, 0, 0, 0, 9, 5, 46
"e:\workspace\problem-solving-skills\src\leetcode\com\algorithms\PowerOfFour.java", "Java", 0, 33, 0, 0, 0, 0, 0, 18, 5, 56
"e:\workspace\problem-solving-skills\src\leetcode\com\algorithms\PowerOfThree.java", "Java", 0, 19, 0, 0, 0, 0, 0, 10, 4, 33
"e:\workspace\problem-solving-skills\src\leetcode\com\algorithms\PowerOfTwo.java", "Java", 0, 9, 0, 0, 0, 0, 0, 9, 3, 21
"e:\workspace\problem-solving-skills\src\leetcode\com\algorithms\PredictTheWinner.java", "Java", 0, 58, 0, 0, 0, 0, 0, 13, 15, 86
"e:\workspace\problem-solving-skills\src\leetcode\com\algorithms\ProductOfArrayExceptSelf.java", "Java", 0, 16, 0, 0, 0, 0, 0, 9, 3, 28
"e:\workspace\problem-solving-skills\src\leetcode\com\algorithms\QueueReconstructionByHeight.java", "Java", 0, 11, 0, 0, 0, 0, 0, 82, 5, 98
"e:\workspace\problem-solving-skills\src\leetcode\com\algorithms\RangeAdditionII.java", "Java", 0, 20, 0, 0, 0, 0, 0, 13, 7, 40
"e:\workspace\problem-solving-skills\src\leetcode\com\algorithms\RangeSumOfBST.java", "Java", 0, 21, 0, 0, 0, 0, 0, 9, 3, 33
"e:\workspace\problem-solving-skills\src\leetcode\com\algorithms\RangeSumqueryImmutable.java", "Java", 0, 15, 0, 0, 0, 0, 0, 9, 6, 30
"e:\workspace\problem-solving-skills\src\leetcode\com\algorithms\RansomNote.java", "Java", 0, 18, 0, 0, 0, 0, 0, 9, 5, 32
"e:\workspace\problem-solving-skills\src\leetcode\com\algorithms\RectangleOverlap.java", "Java", 0, 12, 0, 0, 0, 0, 0, 12, 3, 27
"e:\workspace\problem-solving-skills\src\leetcode\com\algorithms\RelativeRanks.java", "Java", 0, 38, 0, 0, 0, 0, 0, 9, 9, 56
"e:\workspace\problem-solving-skills\src\leetcode\com\algorithms\RemoveDuplicatesFromSortedArray.java", "Java", 0, 14, 0, 0, 0, 0, 0, 12, 3, 29
"e:\workspace\problem-solving-skills\src\leetcode\com\algorithms\RemoveDuplicatesFromSortedArrayII.java", "Java", 0, 18, 0, 0, 0, 0, 0, 9, 3, 30
"e:\workspace\problem-solving-skills\src\leetcode\com\algorithms\RemoveDuplicatesFromSortedList.java", "Java", 0, 24, 0, 0, 0, 0, 0, 9, 4, 37
"e:\workspace\problem-solving-skills\src\leetcode\com\algorithms\RemoveElement.java", "Java", 0, 34, 0, 0, 0, 0, 0, 10, 8, 52
"e:\workspace\problem-solving-skills\src\leetcode\com\algorithms\RemoveLinkedListElements.java", "Java", 0, 41, 0, 0, 0, 0, 0, 11, 11, 63
"e:\workspace\problem-solving-skills\src\leetcode\com\algorithms\RemoverNthNodeFromEndOfList.java", "Java", 0, 35, 0, 0, 0, 0, 0, 15, 12, 62
"e:\workspace\problem-solving-skills\src\leetcode\com\algorithms\RepeatedStringMatch.java", "Java", 0, 40, 0, 0, 0, 0, 0, 15, 7, 62
"e:\workspace\problem-solving-skills\src\leetcode\com\algorithms\ReshapeTheMatrix.java", "Java", 0, 43, 0, 0, 0, 0, 0, 12, 11, 66
"e:\workspace\problem-solving-skills\src\leetcode\com\algorithms\RevealCardsInIncreasingOrder.java", "Java", 0, 22, 0, 0, 0, 0, 0, 9, 5, 36
"e:\workspace\problem-solving-skills\src\leetcode\com\algorithms\ReverseBits.java", "Java", 0, 54, 0, 0, 0, 0, 0, 12, 10, 76
"e:\workspace\problem-solving-skills\src\leetcode\com\algorithms\ReverseInteger.java", "Java", 0, 46, 0, 0, 0, 0, 0, 13, 12, 71
"e:\workspace\problem-solving-skills\src\leetcode\com\algorithms\ReverseLinkedList.java", "Java", 0, 27, 0, 0, 0, 0, 0, 12, 6, 45
"e:\workspace\problem-solving-skills\src\leetcode\com\algorithms\ReverseOnlyLetters.java", "Java", 0, 27, 0, 0, 0, 0, 0, 9, 7, 43
"e:\workspace\problem-solving-skills\src\leetcode\com\algorithms\ReverseString.java", "Java", 0, 12, 0, 0, 0, 0, 0, 9, 3, 24
"e:\workspace\problem-solving-skills\src\leetcode\com\algorithms\ReverseStringII.java", "Java", 0, 22, 0, 0, 0, 0, 0, 9, 3, 34
"e:\workspace\problem-solving-skills\src\leetcode\com\algorithms\ReverseVowelsOfAString.java", "Java", 0, 28, 0, 0, 0, 0, 0, 9, 6, 43
"e:\workspace\problem-solving-skills\src\leetcode\com\algorithms\ReverseWordsInAString.java", "Java", 0, 52, 0, 0, 0, 0, 0, 10, 11, 73
"e:\workspace\problem-solving-skills\src\leetcode\com\algorithms\ReverseWordsInAStringIII.java", "Java", 0, 23, 0, 0, 0, 0, 0, 9, 2, 34
"e:\workspace\problem-solving-skills\src\leetcode\com\algorithms\RomanToInteger.java", "Java", 0, 47, 0, 0, 0, 0, 0, 9, 5, 61
"e:\workspace\problem-solving-skills\src\leetcode\com\algorithms\RotateArray.java", "Java", 0, 43, 0, 0, 0, 0, 0, 18, 9, 70
"e:\workspace\problem-solving-skills\src\leetcode\com\algorithms\RotateString.java", "Java", 0, 25, 0, 0, 0, 0, 0, 9, 6, 40
"e:\workspace\problem-solving-skills\src\leetcode\com\algorithms\RottingOranges.java", "Java", 0, 68, 0, 0, 0, 0, 0, 0, 12, 80
"e:\workspace\problem-solving-skills\src\leetcode\com\algorithms\SameTree.java", "Java", 0, 18, 0, 0, 0, 0, 0, 9, 3, 30
"e:\workspace\problem-solving-skills\src\leetcode\com\algorithms\ScoreAfterFlippingMatrix.java", "Java", 0, 40, 0, 0, 0, 0, 0, 1, 5, 46
"e:\workspace\problem-solving-skills\src\leetcode\com\algorithms\SearchA2DMatrix.java", "Java", 0, 32, 0, 0, 0, 0, 0, 9, 5, 46
"e:\workspace\problem-solving-skills\src\leetcode\com\algorithms\SearchInABinarySearchTree.java", "Java", 0, 14, 0, 0, 0, 0, 0, 9, 2, 25
"e:\workspace\problem-solving-skills\src\leetcode\com\algorithms\SearchInsertPosition.java", "Java", 0, 32, 0, 0, 0, 0, 0, 9, 5, 46
"e:\workspace\problem-solving-skills\src\leetcode\com\algorithms\SelfDrvingNumbers.java", "Java", 0, 22, 0, 0, 0, 0, 0, 9, 4, 35
"e:\workspace\problem-solving-skills\src\leetcode\com\algorithms\ShortArrayByParity.java", "Java", 0, 30, 0, 0, 0, 0, 0, 12, 8, 50
"e:\workspace\problem-solving-skills\src\leetcode\com\algorithms\ShortestDistanceToACharacter.java", "Java", 0, 18, 0, 0, 0, 0, 0, 9, 5, 32
"e:\workspace\problem-solving-skills\src\leetcode\com\algorithms\ShortestUnsortedContinuousSubarray.java", "Java", 0, 57, 0, 0, 0, 0, 0, 15, 9, 81
"e:\workspace\problem-solving-skills\src\leetcode\com\algorithms\SingleElementInASortedArray.java", "Java", 0, 65, 0, 0, 0, 0, 0, 15, 10, 90
"e:\workspace\problem-solving-skills\src\leetcode\com\algorithms\SingleNumber.java", "Java", 0, 14, 0, 0, 0, 0, 0, 9, 4, 27
"e:\workspace\problem-solving-skills\src\leetcode\com\algorithms\SmallestRangeI.java", "Java", 0, 12, 0, 0, 0, 0, 0, 9, 4, 25
"e:\workspace\problem-solving-skills\src\leetcode\com\algorithms\SortArrayByParityII.java", "Java", 0, 26, 0, 0, 0, 0, 0, 14, 4, 44
"e:\workspace\problem-solving-skills\src\leetcode\com\algorithms\SortCharactersByFrequency.java", "Java", 0, 38, 0, 0, 0, 0, 0, 0, 8, 46
"e:\workspace\problem-solving-skills\src\leetcode\com\algorithms\SquaresOfaSortedArray.java", "Java", 0, 17, 0, 0, 0, 0, 0, 9, 3, 29
"e:\workspace\problem-solving-skills\src\leetcode\com\algorithms\StringCompression.java", "Java", 0, 65, 0, 0, 0, 0, 0, 10, 6, 81
"e:\workspace\problem-solving-skills\src\leetcode\com\algorithms\StudentAttendanceRecordI.java", "Java", 0, 17, 0, 0, 0, 0, 0, 9, 2, 28
"e:\workspace\problem-solving-skills\src\leetcode\com\algorithms\SubarraySumEqualsK.java", "Java", 0, 36, 0, 0, 0, 0, 0, 10, 6, 52
"e:\workspace\problem-solving-skills\src\leetcode\com\algorithms\SubdomainVisitCount.java", "Java", 0, 38, 0, 0, 0, 0, 0, 9, 15, 62
"e:\workspace\problem-solving-skills\src\leetcode\com\algorithms\Subsets.java", "Java", 0, 33, 0, 0, 0, 0, 0, 9, 6, 48
"e:\workspace\problem-solving-skills\src\leetcode\com\algorithms\SubsetsII.java", "Java", 0, 44, 0, 0, 0, 0, 0, 9, 6, 59
"e:\workspace\problem-solving-skills\src\leetcode\com\algorithms\SubtreeOfAnotherTree.java", "Java", 0, 36, 0, 0, 0, 0, 0, 9, 8, 53
"e:\workspace\problem-solving-skills\src\leetcode\com\algorithms\Sum3.java", "Java", 0, 45, 0, 0, 0, 0, 0, 26, 8, 79
"e:\workspace\problem-solving-skills\src\leetcode\com\algorithms\Sum3Closest.java", "Java", 0, 30, 0, 0, 0, 0, 0, 9, 6, 45
"e:\workspace\problem-solving-skills\src\leetcode\com\algorithms\SumOfLeftLeaves.java", "Java", 0, 39, 0, 0, 0, 0, 0, 11, 6, 56
"e:\workspace\problem-solving-skills\src\leetcode\com\algorithms\SumOfTwoIntegers.java", "Java", 0, 39, 0, 0, 0, 0, 0, 13, 12, 64
"e:\workspace\problem-solving-skills\src\leetcode\com\algorithms\SumofNodeswithEvenValuedGrandparent.java", "Java", 0, 20, 0, 0, 0, 0, 0, 0, 6, 26
"e:\workspace\problem-solving-skills\src\leetcode\com\algorithms\SwapNodeInPairs.java", "Java", 0, 36, 0, 0, 0, 0, 0, 9, 10, 55
"e:\workspace\problem-solving-skills\src\leetcode\com\algorithms\SymmetricTree.java", "Java", 0, 93, 0, 0, 0, 0, 0, 18, 20, 131
"e:\workspace\problem-solving-skills\src\leetcode\com\algorithms\TargetSum.java", "Java", 0, 66, 0, 0, 0, 0, 0, 14, 14, 94
"e:\workspace\problem-solving-skills\src\leetcode\com\algorithms\TheKWeakestRowsinaMatrix.java", "Java", 0, 45, 0, 0, 0, 0, 0, 0, 6, 51
"e:\workspace\problem-solving-skills\src\leetcode\com\algorithms\ToeplitzMatrix.java", "Java", 0, 38, 0, 0, 0, 0, 0, 11, 7, 56
"e:\workspace\problem-solving-skills\src\leetcode\com\algorithms\TopKFrequentElements.java", "Java", 0, 26, 0, 0, 0, 0, 0, 0, 4, 30
"e:\workspace\problem-solving-skills\src\leetcode\com\algorithms\TransposeMatrix.java", "Java", 0, 15, 0, 0, 0, 0, 0, 9, 3, 27
"e:\workspace\problem-solving-skills\src\leetcode\com\algorithms\TreeNode.java", "Java", 0, 42, 0, 0, 0, 0, 0, 9, 11, 62
"e:\workspace\problem-solving-skills\src\leetcode\com\algorithms\TrimABinarySearchTree.java", "Java", 0, 29, 0, 0, 0, 0, 0, 9, 5, 43
"e:\workspace\problem-solving-skills\src\leetcode\com\algorithms\TwoKeysKeyboard.java", "Java", 0, 32, 0, 0, 0, 0, 0, 10, 9, 51
"e:\workspace\problem-solving-skills\src\leetcode\com\algorithms\TwoSum.java", "Java", 0, 31, 0, 0, 0, 0, 0, 9, 4, 44
"e:\workspace\problem-solving-skills\src\leetcode\com\algorithms\TwoSumII_InputArrayIsSorted.java", "Java", 0, 16, 0, 0, 0, 0, 0, 9, 4, 29
"e:\workspace\problem-solving-skills\src\leetcode\com\algorithms\TwoSumIVInputIsABST.java", "Java", 0, 32, 0, 0, 0, 0, 0, 23, 12, 67
"e:\workspace\problem-solving-skills\src\leetcode\com\algorithms\UglyNumber.java", "Java", 0, 19, 0, 0, 0, 0, 0, 9, 5, 33
"e:\workspace\problem-solving-skills\src\leetcode\com\algorithms\UniqueEmailAddresses.java", "Java", 0, 39, 0, 0, 0, 0, 0, 9, 7, 55
"e:\workspace\problem-solving-skills\src\leetcode\com\algorithms\UniquePathII.java", "Java", 0, 108, 0, 0, 0, 0, 0, 17, 16, 141
"e:\workspace\problem-solving-skills\src\leetcode\com\algorithms\UniquePaths.java", "Java", 0, 29, 0, 0, 0, 0, 0, 16, 7, 52
"e:\workspace\problem-solving-skills\src\leetcode\com\algorithms\UnivaluedBinaryTree.java", "Java", 0, 19, 0, 0, 0, 0, 0, 9, 3, 31
"e:\workspace\problem-solving-skills\src\leetcode\com\algorithms\Utils.java", "Java", 0, 14, 0, 0, 0, 0, 0, 9, 3, 26
"e:\workspace\problem-solving-skills\src\leetcode\com\algorithms\ValidSudoku.java", "Java", 0, 29, 0, 0, 0, 0, 0, 1, 6, 36
"e:\workspace\problem-solving-skills\src\leetcode\com\algorithms\ValidateStackSequences.java", "Java", 0, 27, 0, 0, 0, 0, 0, 0, 2, 29
"e:\workspace\problem-solving-skills\src\leetcode\com\algorithms\WordPattern.java", "Java", 0, 31, 0, 0, 0, 0, 0, 15, 8, 54
"e:\workspace\problem-solving-skills\src\leetcode\com\algorithms\WordSearch.java", "Java", 0, 43, 0, 0, 0, 0, 0, 15, 12, 70
"e:\workspace\problem-solving-skills\src\leetcode\com\algorithms\ZigZagConversion.java", "Java", 0, 32, 0, 0, 0, 0, 0, 9, 5, 46
"e:\workspace\problem-solving-skills\src\leetcode\com\algorithms\isSubsequence.java", "Java", 0, 64, 0, 0, 0, 0, 0, 19, 13, 96
"e:\workspace\problem-solving-skills\src\leetcode\microsoft\arraystrings\GroupAnagrams.java", "Java", 0, 70, 0, 0, 0, 0, 0, 10, 15, 95
"e:\workspace\problem-solving-skills\src\leetcode\microsoft\arraystrings\LongestPalindromicSubstring.java", "Java", 0, 44, 0, 0, 0, 0, 0, 10, 10, 64
"e:\workspace\problem-solving-skills\src\leetcode\microsoft\arraystrings\ReverseString.java", "Java", 0, 11, 0, 0, 0, 0, 0, 9, 3, 23
"e:\workspace\problem-solving-skills\src\leetcode\microsoft\arraystrings\ReverseWordsInAString.java", "Java", 0, 40, 0, 0, 0, 0, 0, 9, 9, 58
"e:\workspace\problem-solving-skills\src\leetcode\microsoft\arraystrings\ReverseWordsInAStringII.java", "Java", 0, 30, 0, 0, 0, 0, 0, 9, 10, 49
"e:\workspace\problem-solving-skills\src\leetcode\microsoft\arraystrings\RotateImage.java", "Java", 0, 18, 0, 0, 0, 0, 0, 9, 5, 32
"e:\workspace\problem-solving-skills\src\leetcode\microsoft\arraystrings\SetMatrixZeroes.java", "Java", 0, 55, 0, 0, 0, 0, 0, 9, 12, 76
"e:\workspace\problem-solving-skills\src\leetcode\microsoft\arraystrings\SpiralMatrix.java", "Java", 0, 44, 0, 0, 0, 0, 0, 16, 13, 73
"e:\workspace\problem-solving-skills\src\leetcode\microsoft\arraystrings\StringToIntegerAtoi.java", "Java", 0, 46, 0, 0, 0, 0, 0, 9, 9, 64
"e:\workspace\problem-solving-skills\src\leetcode\microsoft\arraystrings\TrappingRainWater.java", "Java", 0, 54, 0, 0, 0, 0, 0, 10, 14, 78
"e:\workspace\problem-solving-skills\src\leetcode\microsoft\arraystrings\TwoSum.java", "Java", 0, 23, 0, 0, 0, 0, 0, 11, 5, 39
"e:\workspace\problem-solving-skills\src\leetcode\microsoft\arraystrings\ValidPalindrome.java", "Java", 0, 49, 0, 0, 0, 0, 0, 9, 11, 69
"e:\workspace\problem-solving-skills\src\leetcode\microsoft\arraystrings\ValidParentheses.java", "Java", 0, 28, 0, 0, 0, 0, 0, 9, 6, 43
"e:\workspace\problem-solving-skills\src\leetcode\microsoft\backtracking\LetterCombinationsOfAPhoneNumber.java", "Java", 0, 56, 0, 0, 0, 0, 0, 10, 8, 74
"e:\workspace\problem-solving-skills\src\leetcode\microsoft\backtracking\WordSearchII.java", "Java", 0, 68, 0, 0, 0, 0, 0, 9, 21, 98
"e:\workspace\problem-solving-skills\src\leetcode\microsoft\dynamicprograming\BestTimeToBuyAndSellStock.java", "Java", 0, 14, 0, 0, 0, 0, 0, 9, 3, 26
"e:\workspace\problem-solving-skills\src\leetcode\microsoft\linkedlist\AddTwoNumbers.java", "Java", 0, 41, 0, 0, 0, 0, 0, 14, 13, 68
"e:\workspace\problem-solving-skills\src\leetcode\microsoft\linkedlist\AddTwoNumbersII.java", "Java", 0, 57, 0, 0, 0, 0, 0, 9, 14, 80
"e:\workspace\problem-solving-skills\src\leetcode\microsoft\linkedlist\IntersectionOfTwoLinkedList.java", "Java", 0, 37, 0, 0, 0, 0, 0, 9, 12, 58
"e:\workspace\problem-solving-skills\src\leetcode\microsoft\linkedlist\LinkedListCycle.java", "Java", 0, 18, 0, 0, 0, 0, 0, 9, 6, 33
"e:\workspace\problem-solving-skills\src\leetcode\microsoft\linkedlist\MergeKSortedLists.java", "Java", 0, 39, 0, 0, 0, 0, 0, 9, 9, 57
"e:\workspace\problem-solving-skills\src\leetcode\microsoft\linkedlist\MergeTwoSortedLists.java", "Java", 0, 39, 0, 0, 0, 0, 0, 48, 15, 102
"e:\workspace\problem-solving-skills\src\leetcode\microsoft\linkedlist\ReverseLinkedList.java", "Java", 0, 19, 0, 0, 0, 0, 0, 9, 6, 34
"e:\workspace\problem-solving-skills\src\leetcode\microsoft\others\SingleNumber.java", "Java", 0, 10, 0, 0, 0, 0, 0, 9, 2, 21
"e:\workspace\problem-solving-skills\src\leetcode\microsoft\sortingandsearching\FindMinimumInRotatedSortedArray.java", "Java", 0, 20, 0, 0, 0, 0, 0, 9, 6, 35
"e:\workspace\problem-solving-skills\src\leetcode\microsoft\sortingandsearching\FindMinimumInRotatedSortedArrayII.java", "Java", 0, 21, 0, 0, 0, 0, 0, 12, 3, 36
"e:\workspace\problem-solving-skills\src\leetcode\microsoft\sortingandsearching\MergeSortedArray.java", "Java", 0, 21, 0, 0, 0, 0, 0, 9, 2, 32
"e:\workspace\problem-solving-skills\src\leetcode\microsoft\sortingandsearching\RemoveDuplicatesFromSortedArray.java", "Java", 0, 14, 0, 0, 0, 0, 0, 9, 2, 25
"e:\workspace\problem-solving-skills\src\leetcode\microsoft\sortingandsearching\SortColors.java", "Java", 0, 36, 0, 0, 0, 0, 0, 9, 8, 53
"e:\workspace\problem-solving-skills\src\leetcode\microsoft\treesandgraphs\BinaryTreeInorderTraversal.java", "Java", 0, 29, 0, 0, 0, 0, 0, 9, 5, 43
"e:\workspace\problem-solving-skills\src\leetcode\microsoft\treesandgraphs\BinaryTreeLevelOrderTraversal.java", "Java", 0, 32, 0, 0, 0, 0, 0, 9, 8, 49
"e:\workspace\problem-solving-skills\src\leetcode\microsoft\treesandgraphs\BinaryTreeZigzagLevelOrderTraversal.java", "Java", 0, 78, 0, 0, 0, 0, 0, 10, 11, 99
"e:\workspace\problem-solving-skills\src\leetcode\microsoft\treesandgraphs\NumberOfIsland.java", "Java", 0, 28, 0, 0, 0, 0, 0, 9, 4, 41
"e:\workspace\problem-solving-skills\src\leetcode\microsoft\treesandgraphs\PopulatingNextRightPointersInEachNode.java", "Java", 0, 38, 0, 0, 0, 0, 0, 9, 9, 56
"e:\workspace\problem-solving-skills\src\leetcode\microsoft\treesandgraphs\PopulatingNextRightPointersInEachNodeII.java", "Java", 0, 24, 0, 0, 0, 0, 0, 9, 5, 38
"e:\workspace\problem-solving-skills\src\leetcode\microsoft\treesandgraphs\ValidateBinarySearchTree.java", "Java", 0, 16, 0, 0, 0, 0, 0, 9, 8, 33
"e:\workspace\problem-solving-skills\src\microsoft\event\cTSx59\DinnerBowl.java", "Java", 0, 37, 0, 0, 0, 0, 0, 9, 7, 53
"e:\workspace\problem-solving-skills\src\microsoft\event\cTSx59\FindAPath.java", "Java", 0, 74, 0, 0, 0, 0, 0, 17, 12, 103
"e:\workspace\problem-solving-skills\src\microsoft\interviwer\AllPossibleNumbers.java", "Java", 0, 43, 0, 0, 0, 0, 0, 9, 11, 63
"e:\workspace\problem-solving-skills\src\tutorial\crackingthecodinginterview\datastructures\ArraysLeftRotation.java", "Java", 0, 44, 0, 0, 0, 0, 0, 9, 9, 62
"e:\workspace\problem-solving-skills\src\tutorial\crackingthecodinginterview\datastructures\HashTableRansomNote.java", "Java", 0, 48, 0, 0, 0, 0, 0, 9, 12, 69
"e:\workspace\problem-solving-skills\src\tutorial\crackingthecodinginterview\datastructures\HeapFindtheRunningMedian.java", "Java", 0, 57, 0, 0, 0, 0, 0, 9, 12, 78
"e:\workspace\problem-solving-skills\src\tutorial\crackingthecodinginterview\datastructures\StacksBalancedBrackets.java", "Java", 0, 40, 0, 0, 0, 0, 0, 9, 9, 58
"e:\workspace\problem-solving-skills\src\tutorial\crackingthecodinginterview\datastructures\StringMakingAnagrams.java", "Java", 0, 28, 0, 0, 0, 0, 0, 9, 9, 46
"e:\workspace\problem-solving-skills\src\uri\accepted\Alliteration_1263.java", "Java", 0, 41, 0, 0, 0, 0, 0, 9, 6, 56
"e:\workspace\problem-solving-skills\src\uri\accepted\ArrayHash_1257.java", "Java", 0, 35, 0, 0, 0, 0, 0, 9, 9, 53
"e:\workspace\problem-solving-skills\src\uri\accepted\BloggoShortcuts_1239.java", "Java", 0, 46, 0, 0, 0, 0, 0, 9, 8, 63
"e:\workspace\problem-solving-skills\src\uri\accepted\CaesarCipher_1253.java", "Java", 0, 35, 0, 0, 0, 0, 0, 9, 8, 52
"e:\workspace\problem-solving-skills\src\uri\accepted\Combiner_1238.java", "Java", 0, 44, 0, 0, 0, 0, 0, 9, 11, 64
"e:\workspace\problem-solving-skills\src\uri\accepted\CompareSubstring_1237.java", "Java", 0, 84, 0, 0, 0, 0, 0, 11, 16, 111
"e:\workspace\problem-solving-skills\src\uri\accepted\ContractRevision_1120.java", "Java", 0, 48, 0, 0, 0, 0, 0, 12, 12, 72
"e:\workspace\problem-solving-skills\src\uri\accepted\DancingSentence_1234.java", "Java", 0, 43, 0, 0, 0, 0, 0, 9, 9, 61
"e:\workspace\problem-solving-skills\src\uri\accepted\DestructionCannon_1288.java", "Java", 0, 41, 0, 0, 0, 0, 0, 10, 8, 59
"e:\workspace\problem-solving-skills\src\uri\accepted\DiamondsAndSand1069.java", "Java", 0, 32, 0, 0, 0, 0, 0, 9, 11, 52
"e:\workspace\problem-solving-skills\src\uri\accepted\DietPlan_1248.java", "Java", 0, 55, 0, 0, 0, 0, 0, 9, 10, 74
"e:\workspace\problem-solving-skills\src\uri\accepted\EconomicPhonebook_1211.java", "Java", 0, 101, 0, 0, 0, 0, 0, 9, 33, 143
"e:\workspace\problem-solving-skills\src\uri\accepted\ErasingAndWining_1084.java", "Java", 0, 45, 0, 0, 0, 0, 0, 10, 12, 67
"e:\workspace\problem-solving-skills\src\uri\accepted\EvenAndOdd_1259.java", "Java", 0, 43, 0, 0, 0, 0, 0, 22, 14, 79
"e:\workspace\problem-solving-skills\src\uri\accepted\FibonacciHowManyCalls_1029.java", "Java", 0, 3, 0, 0, 0, 0, 0, 189, 2, 194
"e:\workspace\problem-solving-skills\src\uri\accepted\FitOrDontFitII_1241.java", "Java", 0, 46, 0, 0, 0, 0, 0, 9, 11, 66
"e:\workspace\problem-solving-skills\src\uri\accepted\HiddenMessage_1272.java", "Java", 0, 35, 0, 0, 0, 0, 0, 9, 10, 54
"e:\workspace\problem-solving-skills\src\uri\accepted\HowEasy_1243.java", "Java", 0, 66, 0, 0, 0, 0, 0, 10, 12, 88
"e:\workspace\problem-solving-skills\src\uri\accepted\InsideOut_1235.java", "Java", 0, 50, 0, 0, 0, 0, 0, 9, 11, 70
"e:\workspace\problem-solving-skills\src\uri\accepted\JustifierII_1278.java", "Java", 0, 63, 0, 0, 0, 0, 0, 9, 11, 83
"e:\workspace\problem-solving-skills\src\uri\accepted\Justifier_1273.java", "Java", 0, 42, 0, 0, 0, 0, 0, 9, 11, 62
"e:\workspace\problem-solving-skills\src\uri\accepted\LED_1168.java", "Java", 0, 30, 0, 0, 0, 0, 0, 12, 11, 53
"e:\workspace\problem-solving-skills\src\uri\accepted\LetterFrequency_1255.java", "Java", 0, 46, 0, 0, 0, 0, 0, 9, 11, 66
"e:\workspace\problem-solving-skills\src\uri\accepted\MultipleReading_1262.java", "Java", 0, 43, 0, 0, 0, 0, 0, 9, 9, 61
"e:\workspace\problem-solving-skills\src\uri\accepted\ParenthesisBalanceI.java", "Java", 0, 32, 0, 0, 0, 0, 0, 9, 8, 49
"e:\workspace\problem-solving-skills\src\uri\accepted\Rot13_1249.java", "Java", 0, 33, 0, 0, 0, 0, 0, 9, 7, 49
"e:\workspace\problem-solving-skills\src\uri\accepted\ShortAttendance_1277.java", "Java", 0, 53, 0, 0, 0, 0, 0, 9, 14, 76
"e:\workspace\problem-solving-skills\src\uri\accepted\ShortStoryCompetition_1222.java", "Java", 0, 46, 0, 0, 0, 0, 0, 9, 13, 68
"e:\workspace\problem-solving-skills\src\uri\accepted\SortByLenght_1244.java", "Java", 0, 92, 0, 0, 0, 0, 0, 9, 17, 118
"e:\workspace\problem-solving-skills\src\uri\accepted\TDARational_1022.java", "Java", 0, 119, 0, 0, 0, 0, 0, 10, 19, 148
"e:\workspace\problem-solving-skills\src\uri\accepted\TagReplacement_1254.java", "Java", 0, 77, 0, 0, 0, 0, 0, 10, 17, 104
"e:\workspace\problem-solving-skills\src\uri\accepted\ThrowingCardsAway_1110.java", "Java", 0, 53, 0, 0, 0, 0, 0, 9, 16, 78
"e:\workspace\problem-solving-skills\src\uri\timelimitexceeded\GrowinStrings_1141_AhoCarosickAlg.java", "Java", 0, 172, 0, 0, 0, 0, 0, 11, 34, 217
"e:\workspace\problem-solving-skills\src\uri\timelimitexceeded\GrowinStrings_1141_AhoCarosickAlg1_COPY3.java", "Java", 0, 201, 0, 0, 0, 0, 0, 13, 38, 252
"e:\workspace\problem-solving-skills\src\uri\timelimitexceeded\GrowinStrings_1141_AhoCarosickAlg1_COPY4.java", "Java", 0, 240, 0, 0, 0, 0, 0, 11, 35, 286
"e:\workspace\problem-solving-skills\src\uri\timelimitexceeded\GrowingStrings_1141.java", "Java", 0, 100, 0, 0, 0, 0, 0, 11, 18, 129
"e:\workspace\problem-solving-skills\src\utils\BinarySearch.java", "Java", 0, 34, 0, 0, 0, 0, 0, 10, 8, 52
"e:\workspace\problem-solving-skills\src\utils\DicNode.java", "Java", 0, 31, 0, 0, 0, 0, 0, 9, 6, 46
"e:\workspace\problem-solving-skills\src\utils\Node.java", "Java", 0, 11, 0, 0, 0, 0, 0, 12, 5, 28
"e:\workspace\problem-solving-skills\src\utils\TreeLinkNode.java", "Java", 0, 13, 0, 0, 0, 0, 0, 9, 3, 25
"Total", "-", 70, 16481, 1311, 0, 233, 114, 51, 4731, 3608, 26599